Class,Country,Time,Link,Road Name,Road Short Name
1,USA,pre–1956,https://en.wikipedia.org/wiki/Alton_Railroad,Alton Railroad,A/C&A
1,USA,pre–1956,https://en.wikipedia.org/wiki/Atlantic_and_Danville_Railway,Atlantic and Danville Railway,A&D
1,USA,pre–1956,https://en.wikipedia.org/wiki/Arizona_and_New_Mexico_Railway,Arizona and New Mexico Railway,A&NM
1,USA,pre–1956,https://en.wikipedia.org/wiki/St._Lawrence_and_Atlantic_Railroad,St. Lawrence and Atlantic Railroad,A&STL
1,USA,pre–1956,https://en.wikipedia.org/wiki/Alabama_and_Vicksburg_Railway,Alabama and Vicksburg Railway,A&V
1,USA,Former (1956–present),https://en.wikipedia.org/wiki/Atlanta_and_West_Point_Railroad,Atlanta and West Point Railroad,A&WP
1,USA,Former (1956–present),https://en.wikipedia.org/wiki/Ann_Arbor_Railroad_(1895%E2%80%931976),Ann Arbor Railroad,AA
1,USA,pre–1956,"https://en.wikipedia.org/wiki/Atlanta,_Birmingham_and_Atlantic_Railway","Atlanta, Birmingham and Atlantic Railway",AB&A
1,USA,pre–1956,"https://en.wikipedia.org/wiki/Atlanta,_Birmingham_and_Coast_Railroad","Atlanta, Birmingham and Coast Railroad",AB&C
1,USA,pre–1956,https://en.wikipedia.org/wiki/Atlantic_City_Railroad,Atlantic City Railroad,AC
1,USA,Former (1956–present),"https://en.wikipedia.org/wiki/Akron,_Canton_and_Youngstown_Railroad","Akron, Canton and Youngstown Railroad",AC&Y
1,USA,Former (1956–present),https://en.wikipedia.org/wiki/Atlantic_Coast_Line_Railroad,Atlantic Coast Line Railroad,ACL
,USA,,http://www.adirondackrr.com/,Adirondack Scenic Railroad,ADCX
,USA,,,Archer Daniels Midland Transportation Company aka ADM,ADMX
1,USA,pre–1956,https://en.wikipedia.org/wiki/Arizona_Eastern_Railroad,Arizona Eastern Railroad,AE
,,,,General Electric Rail Services Corporation,AESX
1,USA,Former (1956–present),https://en.wikipedia.org/wiki/Alabama_Great_Southern_Railroad,Alabama Great Southern Railroad,AGS
,,,,Alton Railroad,ALTON
1,USA,Current,https://en.wikipedia.org/wiki/Amtrak,Amtrak,AMTK
2,USA,1956-present,https://en.wikipedia.org/wiki/Aberdeen_and_Rockfish_Railroad,Aberdeen and Rockfish Railroad,AR
2,USA,Current,https://en.wikipedia.org/wiki/Alaska_Railroad,Alaska Railroad,ARR
1,USA,Former (1956–present),https://en.wikipedia.org/wiki/Atlanta_and_St._Andrews_Bay_Railroad,Atlanta and St. Andrews Bay Railroad,ASAB
1,USA,Former (1956–present),"https://en.wikipedia.org/wiki/Alabama,_Tennessee_and_Northern_Railroad","Alabama, Tennessee and Northern Railroad",AT&N
1,USA,Former (1956–present),"https://en.wikipedia.org/wiki/Atchison,_Topeka_and_Santa_Fe_Railway","Atchison, Topeka and Santa Fe Railway",AT&SF
,,,,Alliance Terminal Railroad,ATR
,,,,"Atchison, Topeka and Santa Fe Railway",ATSF
,,,,Atlantic and Western Railway,ATW
1,USA,Former (1956–present),https://en.wikipedia.org/wiki/Auto-Train_Corporation,Auto-Train Corporation,AUT
1,USA,Former (1956–present),https://en.wikipedia.org/wiki/Bangor_and_Aroostook_Railroad,Bangor and Aroostook Railroad,B&AR
1,USA,pre–1956,https://en.wikipedia.org/wiki/Kennecott_Utah_Copper_rail_line,Bingham and Garfield Railway/Kennecott Utah Copper rail line,B&G
1,USA,Former (1956–present),https://en.wikipedia.org/wiki/Boston_and_Maine_Corporation,Boston and Maine Corporation,B&M
1,USA,Former (1956–present),https://en.wikipedia.org/wiki/Baltimore_and_Ohio_Railroad,Baltimore & Ohio Railroad,B&O
1,USA,pre–1956,https://en.wikipedia.org/wiki/Buffalo_and_Susquehanna_Railroad,Buffalo and Susquehanna Railroad,B&S
1,USA,pre–1956,"https://en.wikipedia.org/wiki/Butte,_Anaconda_and_Pacific_Railway","Butte, Anaconda and Pacific Railway",BA&P
,,,,Bangor and Aroostook Railroad,BAR
1,USA,pre–1956,"https://en.wikipedia.org/wiki/Baltimore,_Chesapeake_and_Atlantic_Railway","Baltimore, Chesapeake and Atlantic Railway",BC&A
,,,,Buffalo Creek,BCK
2,USA,1956-present,https://en.wikipedia.org/wiki/Bullfrog_Goldfield_Railroad,Bullfrog Goldfield Railroad,BG
1,USA,Former (1956–present),https://en.wikipedia.org/wiki/Bessemer_and_Lake_Erie_Railroad,Bessemer and Lake Erie Railroad,BLE
,,,,Boston and Maine Corporation,BM
1,USA,Former (1956–present),https://en.wikipedia.org/wiki/Burlington_Northern_Railroad,Burlington Northern Railroad,BN
1,USA,Current,https://en.wikipedia.org/wiki/BNSF_Railway,Burlington Northern and Santa Fe,BNSF
2,USA,1956-present,https://en.wikipedia.org/wiki/Baltimore_and_Ohio_Chicago_Terminal_Railroad,Baltimore and Ohio Chicago Terminal Railroad,BOCT
2,USA,Current,https://en.wikipedia.org/wiki/Buffalo_and_Pittsburgh_Railroad,Buffalo and Pittsburgh Railroad,BPRR
,,,,British Railways,BR
1,USA,pre–1956,"https://en.wikipedia.org/wiki/Buffalo,_Rochester_and_Pittsburgh_Railway","Buffalo, Rochester and Pittsburgh Railway",BR&P
,,,,,BR&S
,,,,Big Rivers Electric Corporation,BREX
1,USA,pre–1956,https://en.wikipedia.org/wiki/Burlington-Rock_Island_Railroad,Burlington-Rock Island Railroad,BRI
1,USA,pre–1956,"https://en.wikipedia.org/wiki/Beaumont,_Sour_Lake_and_Western_Railway","Beaumont, Sour Lake and Western Railway",BSL&W
,,,,Borg-Warner Chemicals,BWCX
1,USA,pre–1956,https://en.wikipedia.org/wiki/Coal_and_Coke_Railway,Coal and Coke Railway,C&C
1,USA,pre–1956,https://en.wikipedia.org/wiki/Chicago_and_Atlantic_Railway,Chicago and Atlantic Railway,C&E
1,USA,Former (1956–present),https://en.wikipedia.org/wiki/Chicago_and_Eastern_Illinois_Railroad,Chicago and Eastern Illinois Railroad,C&EI
1,USA,pre–1956,https://en.wikipedia.org/wiki/Columbus_and_Greenville_Railway,Columbus and Greenville Railway,C&G/SOUMS
1,USA,pre–1956,https://en.wikipedia.org/wiki/Cambria_and_Indiana_Railroad,Cambria and Indiana Railroad,C&I
1,USA,Former (1956–present),https://en.wikipedia.org/wiki/Illinois_and_Midland_Railroad,Illinois and Midland Railroad,C&IM
1,USA,Former (1956–present),https://en.wikipedia.org/wiki/Chicago_and_North_Western_Transportation_Company,Chicago and North Western Transportation Company,C&NW
1,USA,Former (1956–present),https://en.wikipedia.org/wiki/Chesapeake_and_Ohio_Railway,Chesapeake & Ohio Railway,C&O
1,USA,pre–1956,https://en.wikipedia.org/wiki/Chesapeake_and_Ohio_Railway_of_Indiana,Chesapeake and Ohio Railway of Indiana,C&OIN
1,USA,Former (1956–present),https://en.wikipedia.org/wiki/Colorado_and_Southern_Railway,Colorado and Southern Railway,C&S
1,USA,Former (1956–present),https://en.wikipedia.org/wiki/Colorado_and_Wyoming_Railway,Colorado and Wyoming Railway,C&W
1,USA,Former (1956–present),https://en.wikipedia.org/wiki/Charleston_and_Western_Carolina_Railway,Charleston and Western Carolina Railway,C&WC
1,USA,pre–1956,"https://en.wikipedia.org/wiki/Cleveland,_Akron_and_Columbus_Railway","Cleveland, Akron and Columbus Railway",CA&C
,,,,,CACX
1,USA,Former (1956–present),https://en.wikipedia.org/wiki/Carolina_and_Northwestern_Railway,Carolina and Northwestern Railway,CAR&NW
1,USA,Former (1956–present),"https://en.wikipedia.org/wiki/Chicago,_Burlington_and_Quincy_Railroad","Chicago, Burlington and Quincy Railroad",CB&Q
2,USA,1956-present,https://en.wikipedia.org/wiki/Chicago_Central,Chicago Central and Pacific Railroad,CC
1,USA,pre–1956,https://en.wikipedia.org/wiki/Cripple_Creek_and_Colorado_Springs_Railroad,Cripple Creek and Colorado Springs Railroad,CC&CS
,,,,Central City & Blackhawk Railroad,CCBX
1,USA,pre–1956,"https://en.wikipedia.org/wiki/Cleveland,_Cincinnati,_Chicago_and_St._Louis_Railway","Cleveland, Cincinnati, Chicago and St. Louis Railway",CCC&STL
1,USA,Former (1956–present),https://en.wikipedia.org/wiki/Clinchfield_Railroad,"Carolina, Clinchfield and Ohio Railway",CCO
1,USA,pre–1956,"https://en.wikipedia.org/wiki/Chicago,_Detroit_and_Canada_Grand_Trunk_Junction_Railroad","Chicago, Detroit and Canada Grand Trunk Junction Railroad",CD&C
,,,,,CDLX
1,USA,Former (1956–present),https://en.wikipedia.org/wiki/Central_of_Georgia_Railway,Central of Georgia Railway,CG
,,,,Chicago Great Western Railway,CG&W
1,USA,Former (1956–present),https://en.wikipedia.org/wiki/Chicago_Great_Western_Railway,Chicago Great Western Railway,CGW
1,USA,pre–1956,"https://en.wikipedia.org/wiki/Cincinnati,_Hamilton_and_Dayton_Railway_(1846%E2%80%931917)","Cincinnati, Hamilton and Dayton Railway (1846–1917)",CH&D
1,USA,pre–1956,"https://en.wikipedia.org/wiki/Chicago,_Indiana_and_Southern_Railroad","Chicago, Indiana and Southern Railroad",CI&S
1,USA,pre–1956,"https://en.wikipedia.org/wiki/Cincinnati,_Indianapolis_and_Western_Railroad","Cincinnati, Indianapolis and Western Railroad",CI&W
1,USA,pre–1956,https://en.wikipedia.org/wiki/Cincinnati_Northern_Railroad_(1894%E2%80%931938),Cincinnati Northern Railroad (1894–1938),CINN
1,USA,pre–1956,"https://en.wikipedia.org/wiki/Cincinnati,_Lebanon_and_Northern_Railway","Cincinnati, Lebanon and Northern Railway",CL&N
1,USA,pre–1956,https://en.wikipedia.org/wiki/Colorado_Midland_Railway,Colorado Midland Railway,CM
1,USA,pre–1956,"https://en.wikipedia.org/wiki/Chicago,_Milwaukee_and_Puget_Sound_Railway","Chicago, Milwaukee and Puget Sound Railway",CM&PS
2,USA,1956-present,"https://en.wikipedia.org/wiki/Chicago,_Missouri_and_Western_Railway","Chicago, Missouri and Western Railway",CMNW
2,USA,Current,https://en.wikipedia.org/wiki/Central_Maine_and_Quebec_Railway,Central Maine & Quebec Railway,CMQ
,,,,,CMSF
1,USA,Former (1956–present),"https://en.wikipedia.org/wiki/Chicago,_Milwaukee,_St._Paul_and_Pacific_Railroad","Chicago, Milwaukee, St. Paul and Pacific Railroad",CMStP&P
,,,,,CMWX
1,CAN,Current,https://en.wikipedia.org/wiki/Canadian_National_Railway,Canadian National Railway,CN
1,USA,pre–1956,https://en.wikipedia.org/wiki/Central_New_England_Railway,Central New England Railway,CNE
1,USA,Former (1956–present),https://en.wikipedia.org/wiki/Central_Railroad_of_New_Jersey,Central Railroad of New Jersey,CNJ
1,USA,pre–1956,https://en.wikipedia.org/wiki/St._Lawrence_and_Atlantic_Railroad,St. Lawrence and Atlantic Railroad,CNNE
1,USA,Former (1956–present),"https://en.wikipedia.org/wiki/Cincinnati,_New_Orleans_and_Texas_Pacific_Railway","Cincinnati, New Orleans and Texas Pacific Railway",CNO&TP
1,USA,pre–1956,https://en.wikipedia.org/wiki/Canadian_Northern_Railway,Canadian Northern Railway,CNOR
,,,,Chicago and North Western Transportation Company,CNW
,,,,Conoco,CONX
,,,,,COPR
2,USA,Current,https://en.wikipedia.org/wiki/Central_Oregon_and_Pacific_Railroad,Central Oregon and Pacific Railroad,CORP
1,CAN,Current,https://en.wikipedia.org/wiki/Canadian_Pacific_Railway,Canadian Pacific Railway,CP
1,USA,pre–1956,"https://en.wikipedia.org/wiki/Chicago,_Peoria_and_St._Louis_Railroad","Chicago, Peoria and St. Louis Railroad",CP&STL
1,USA,Former (1956–present),https://en.wikipedia.org/wiki/Canadian_Pacific_Lines_in_Maine,Canadian Pacific Lines in Maine,CPME
1,USA,pre–1956,https://en.wikipedia.org/wiki/Canadian_Pacific_Lines_in_Vermont,Canadian Pacific Lines in Vermont,CPVT
1,USA,Former (1956–present),https://en.wikipedia.org/wiki/Conrail,Conrail / Consolidated Rail Corporation,CR
1,USA,pre–1956,https://en.wikipedia.org/wiki/Copper_River_and_Northwestern_Railway,Copper River and Northwestern Railway,CR&NW
1,USA,pre–1956,"https://en.wikipedia.org/wiki/Chicago,_Rock_Island_and_Gulf_Railway","Chicago, Rock Island and Gulf Railway",CRI&G
1,USA,Former (1956–present),"https://en.wikipedia.org/wiki/Chicago,_Rock_Island_and_Pacific_Railroad","Chicago, Rock Island and Pacific Railroad",CRIP
2,USA,1956-present,https://en.wikipedia.org/wiki/Carolina_and_Northwestern_Railway,Carolina and Northwestern Railway,CRN
1,USA,pre–1956,https://en.wikipedia.org/wiki/Central_Railroad_of_Pennsylvania,Central Railroad of Pennsylvania,CRP
1,USA,Former (1956–present),https://en.wikipedia.org/wiki/Clinchfield_Railroad,Clinchfield Railroad,CRR
1,USA,pre–1956,https://en.wikipedia.org/wiki/Chicago_Southern_Railway,Chicago Southern Railway,CS
1,USA,Former (1956–present),"https://en.wikipedia.org/wiki/Chicago,_St._Paul,_Minneapolis_and_Omaha_Railway","Chicago, St. Paul, Minneapolis and Omaha Railway",CSPM&O
1,USA,Current,https://en.wikipedia.org/wiki/CSX_Transportation,CSX Transportation,CSXT
1,USA,pre–1956,"https://en.wikipedia.org/wiki/Chicago,_Terre_Haute_and_Southeastern_Railway","Chicago, Terre Haute and Southeastern Railway",CTH&SE
,,,,,CTSE
1,USA,Former (1956–present),https://en.wikipedia.org/wiki/Central_Vermont_Railway,Central Vermont Railway,CV
1,USA,pre–1956,https://en.wikipedia.org/wiki/Cumberland_Valley_and_Martinsburg_Railroad,Cumberland Valley and Martinsburg Railroad,CV&M
1,USA,pre–1956,https://en.wikipedia.org/wiki/Cumberland_Valley_Railroad,Cumberland Valley Railroad,CVRR
1,USA,Current,https://en.wikipedia.org/wiki/Delaware_and_Hudson_Railway,Delaware and Hudson Railway,D&H
1,USA,pre–1956,https://en.wikipedia.org/wiki/Duluth_and_Iron_Range_Railroad,Duluth and Iron Range Railroad,D&IR
1,USA,pre–1956,https://en.wikipedia.org/wiki/Detroit_and_Mackinac_Railway,Detroit and Mackinac Railway,D&M
1,USA,Former (1956–present),https://en.wikipedia.org/wiki/Denver_and_Rio_Grande_Western_Railroad,Denver and Rio Grande Western Railroad,D&RGW
1,USA,pre–1956,https://en.wikipedia.org/wiki/Denver_and_Salt_Lake_Railway,Denver and Salt Lake Railway,D&SL
1,USA,Former (1956–present),https://en.wikipedia.org/wiki/Detroit_and_Toledo_Shore_Line_Railroad,Detroit and Toledo Shore Line Railroad,D&TSL
1,USA,pre–1956,"https://en.wikipedia.org/wiki/Detroit,_Grand_Haven_and_Milwaukee_Railway","Detroit, Grand Haven and Milwaukee Railway",DGH&M
1,USA,Former (1956–present),"https://en.wikipedia.org/wiki/Delaware,_Lackawanna_and_Western_Railroad","Delaware, Lackawanna and Western Railroad",DL&W
1,USA,Former (1956–present),"https://en.wikipedia.org/wiki/Duluth,_Missabe_and_Iron_Range_Railway","Duluth, Missabe and Iron Range Railway",DM&IR
1,USA,pre–1956,"https://en.wikipedia.org/wiki/Duluth,_Missabe_and_Northern_Railway","Duluth, Missabe and Northern Railway",DM&N
2,USA,1956-present,"https://en.wikipedia.org/wiki/Dakota,_Minnesota_and_Eastern_Railroad","Dakota, Minnesota and Eastern Railroad",DME
2,USA,1956-present,"https://en.wikipedia.org/wiki/Duluth,_Missabe_and_Iron_Range_Railway","Duluth, Missabe and Iron Range Railway",DMIR
1,USA,pre–1956,https://en.wikipedia.org/wiki/Denver_and_Salt_Lake_Railway,"Denver, Northwestern and Pacific Railway",DNW&P
1,USA,Former (1956–present),"https://en.wikipedia.org/wiki/Duluth,_South_Shore_and_Atlantic_Railway","Duluth, South Shore and Atlantic Railway",DSS&A
1,USA,Former (1956–present),"https://en.wikipedia.org/wiki/Detroit,_Toledo_and_Ironton_Railroad","Detroit, Toledo and Ironton Railroad",DT&I
1,USA,Former (1956–present),"https://en.wikipedia.org/wiki/Duluth,_Winnipeg_and_Pacific_Railway","Duluth, Winnipeg and Pacific Railway",DW&P
1,USA,pre–1956,https://en.wikipedia.org/wiki/Evansville_and_Crawfordsville_Railroad,Evansville and Crawfordsville/Terre Haute Railroad,E&TH
1,USA,pre–1956,"https://en.wikipedia.org/wiki/Evansville,_Indianapolis_and_Terre_Haute_Railway","Evansville, Indianapolis and Terre Haute Railway",EI&TH
1,USA,Former (1956–present),"https://en.wikipedia.org/wiki/Elgin,_Joliet_and_Eastern_Railway","Elgin, Joliet and Eastern Railway",EJ&E
2,USA,1956-present,"https://en.wikipedia.org/wiki/Elgin,_Joliet_and_Eastern_Railway","Elgin, Joliet and Eastern Railway",EJE
1,USA,Former (1956–present),https://en.wikipedia.org/wiki/Erie_Lackawanna_Railway,Erie Lackawanna Railway,EL
1,USA,pre–1956,https://en.wikipedia.org/wiki/El_Paso_and_Southwestern_Railroad,El Paso and Southwestern Railroad,EP&SW
1,USA,Former (1956–present),https://en.wikipedia.org/wiki/Erie_Railroad,Erie Railroad,ERIE
1,USA,pre–1956,https://en.wikipedia.org/wiki/Florence_and_Cripple_Creek_Railroad,Florence and Cripple Creek Railroad,F&CC
,,,,,FCX
,,,,,FDD&S
1,USA,Former (1956–present),https://en.wikipedia.org/wiki/Florida_East_Coast_Railway,Florida East Coast Railway,FEC
1,USA,pre–1956,"https://en.wikipedia.org/wiki/Fonda,_Johnstown_and_Gloversville_Railroad","Fonda, Johnstown and Gloversville Railroad",FJ&G
1,USA,pre–1956,https://en.wikipedia.org/wiki/Fort_Smith_and_Western_Railway,Fort Smith and Western Railway,FS&W
2,USA,1956-present,https://en.wikipedia.org/wiki/Fox_River_Valley_Railroad,Fox Valley and Western Ltd.,FVW
1,USA,Former (1956–present),https://en.wikipedia.org/wiki/Fort_Worth_and_Denver_Railway,Fort Worth and Denver Railway,FW&D
1,USA,pre–1956,https://en.wikipedia.org/wiki/Fort_Worth_and_Rio_Grande_Railway,Fort Worth and Rio Grande Railway,FW&RG
1,MEX,Current,https://en.wikipedia.org/wiki/Ferromex,Ferromex,FXE
1,USA,Former (1956–present),https://en.wikipedia.org/wiki/Georgia_and_Florida_Railroad_(1926%E2%80%9363),Georgia and Florida Railroad (1926–63),G&F
1,USA,pre–1956,https://en.wikipedia.org/wiki/Gulf_and_Ship_Island_Railroad,Gulf and Ship Island Railroad,G&SI
1,USA,Former (1956–present),https://en.wikipedia.org/wiki/Georgia_Railroad_and_Banking_Company,Georgia Railroad and Banking Company,GA
,,,,,GAT
,,,,GATX Corporation,GATX
1,USA,Former (1956–present),https://en.wikipedia.org/wiki/Green_Bay_and_Western_Railroad,Green Bay and Western Railroad,GB&W
1,USA,pre–1956,"https://en.wikipedia.org/wiki/Gulf,_Colorado_and_Santa_Fe_Railway","Gulf, Colorado and Santa Fe Railway",GC&SF
,,,,,GCR
1,USA,pre–1956,"https://en.wikipedia.org/wiki/Buffalo_Bayou,_Brazos_and_Colorado_Railway","Buffalo Bayou, Brazos and Colorado Railway",GH&SA
2,USA,Current,https://en.wikipedia.org/wiki/Great_Lakes_Central_Railroad,Great Lakes Central Railroad,GLC
1,USA,pre–1956,"https://en.wikipedia.org/wiki/Gulf,_Mobile_and_Northern_Railroad","Gulf, Mobile and Northern Railroad",GM&N
1,USA,Former (1956–present),"https://en.wikipedia.org/wiki/Gulf,_Mobile_and_Ohio_Railroad","Gulf, Mobile and Ohio Railroad",GM&O
1,USA,Former (1956–present),https://en.wikipedia.org/wiki/Great_Northern_Railway_(U.S.),Great Northern Railway (U.S.),GN
,,,,General American Transportation Corporation,GPEX
1,USA,pre–1956,https://en.wikipedia.org/wiki/Grand_Rapids_and_Indiana_Railroad,Grand Rapids and Indiana Railroad,GR&I
,,,,,GRC
,,,,Granite Rock,GRCX
1,USA,Former (1956–present),https://en.wikipedia.org/wiki/Georgia_Southern_and_Florida_Railway,Georgia Southern and Florida Railway,GS&F
2,USA,1956-present,https://en.wikipedia.org/wiki/Georgia_Southern_and_Florida_Railway,Georgia Southern and Florida Railway,GSF
1,USA,Current,https://en.wikipedia.org/wiki/Grand_Trunk_Corporation,Grand Trunk Corporation,GTC
1,USA,Former (1956–present),https://en.wikipedia.org/wiki/Grand_Trunk_Western_Railroad,Grand Trunk Western Railroad,GTW
,,,,Great Western Railway,GWSR
2,USA,1956-present,https://en.wikipedia.org/wiki/Gateway_Western_Railway,Gateway Western Railway,GWWR
1,USA,pre–1956,https://en.wikipedia.org/wiki/Houston_and_Texas_Central_Railway,Houston and Texas Central Railway,H&TC
1,USA,pre–1956,https://en.wikipedia.org/wiki/Houston_East_and_West_Texas_Railway,Houston East and West Texas Railway,HE&WT
1,USA,pre–1956,https://en.wikipedia.org/wiki/Hocking_Valley_Railway,Hocking Valley Railway,HV
2,USA,Current,https://en.wikipedia.org/wiki/Iowa_Interstate_Railroad,Iowa Interstate Railroad,IAIS
1,USA,Former (1956–present),https://en.wikipedia.org/wiki/Illinois_Central_Railroad,Illinois Central Railroad,IC
2,USA,1956-present,"https://en.wikipedia.org/wiki/Iowa,_Chicago_and_Eastern_Railroad","Iowa, Chicago and Eastern Railroad",ICE
1,USA,Former (1956–present),https://en.wikipedia.org/wiki/Illinois_Central_Railroad,Illinois Central Gulf Railroad,ICG
1,USA,pre–1956,https://en.wikipedia.org/wiki/Iowa_Central_Railway,Iowa Central Railway,ICRY
1,USA,pre–1956,https://en.wikipedia.org/wiki/International%E2%80%93Great_Northern_Railroad,International–Great Northern Railroad,IGN
2,USA,1956-present,https://en.wikipedia.org/wiki/I%26M_Rail_Link,I&M Rail Link,IMRL
,,,,Indiana Northeastern Railroad,IN
2,USA,Current,https://en.wikipedia.org/wiki/Indiana_Rail_Road,Indiana Rail Road,INRD
1,USA,pre–1956,https://en.wikipedia.org/wiki/Indianapolis_Southern_Railroad,Indianapolis Southern Railroad,ISRR
1,USA,Former (1956–present),https://en.wikipedia.org/wiki/Illinois_Terminal_Railroad,Illinois Terminal Railroad,ITC
1,USA,pre–1956,https://en.wikipedia.org/wiki/Kanawha_and_Michigan_Railway,Kanawha and Michigan Railway,K&M
1,USA,pre–1956,"https://en.wikipedia.org/wiki/Kansas_City,_Mexico_and_Orient_Railway","Kansas City, Mexico and Orient Railway",KCM&O
1,USA,pre–1956,"https://en.wikipedia.org/wiki/Kansas_City,_Mexico_and_Orient_Railway","Kansas City, Mexico and Orient Railway of Texas",KCM&OTX
1,USA,Current,https://en.wikipedia.org/wiki/Kansas_City_Southern_Railway,Kansas City Southern Railway,KCS
1,MEX,Current,https://en.wikipedia.org/wiki/Kansas_City_Southern_de_M%C3%A9xico,Kansas City Southern de México,KCSM
2,USA,Current,https://en.wikipedia.org/wiki/Kanawha_River_Railroad,Kanawha River Railroad,KNWA
1,USA,Former (1956–present),"https://en.wikipedia.org/wiki/Kansas,_Oklahoma_and_Gulf_Railway","Kansas, Oklahoma and Gulf Railway",KO&G
2,USA,Current,https://en.wikipedia.org/wiki/Kansas_and_Oklahoma_Railroad,Kansas & Oklahoma Railroad,KORR
,,,,,KOT
,,,,,KOTX
1,USA,Former (1956–present),https://en.wikipedia.org/wiki/Louisiana_and_Arkansas_Railway,Louisiana and Arkansas Railway,L&A
1,USA,Former (1956–present),https://en.wikipedia.org/wiki/Lehigh_and_Hudson_River_Railway,Lehigh and Hudson River Railway,L&HR
1,USA,Former (1956–present),https://en.wikipedia.org/wiki/Litchfield_and_Madison_Railway,Litchfield and Madison Railway,L&M
1,USA,Former (1956–present),https://en.wikipedia.org/wiki/Louisville_and_Nashville_Railroad,Louisville and Nashville Railroad,L&N
1,USA,Former (1956–present),https://en.wikipedia.org/wiki/Lehigh_and_New_England_Railroad,Lehigh and New England Railroad,L&NE
1,USA,pre–1956,https://en.wikipedia.org/wiki/Los_Angeles_and_Salt_Lake_Railroad,Los Angeles and Salt Lake Railroad,LA&SL
1,USA,pre–1956,"https://en.wikipedia.org/wiki/Louisiana,_Arkansas_and_Texas_Railway","Louisiana, Arkansas and Texas Railway",LA&T
1,USA,pre–1956,https://en.wikipedia.org/wiki/Lake_Erie_and_Western_Railroad,Lake Erie and Western Railroad,LE&W
1,USA,pre–1956,"https://en.wikipedia.org/wiki/Louisville,_Henderson_and_St._Louis_Railway","Louisville, Henderson and St. Louis Railway",LH&STL
2,USA,1956-present,https://en.wikipedia.org/wiki/Lehigh_and_Hudson_River_Railway,Lehigh & Hudson River Railway,LHR
1,USA,Former (1956–present),https://en.wikipedia.org/wiki/Long_Island_Rail_Road,Long Island Rail Road,LI
,,,,Louisville and Nashville Railroad,LN 
2,USA,1956-present,https://en.wikipedia.org/wiki/Lehigh_and_New_England_Railroad,Lehigh & New England,LNE
1,USA,pre–1956,https://en.wikipedia.org/wiki/Louisiana_Railway_and_Navigation_Company,Louisiana Railway and Navigation Company,LR&N
1,USA,pre–1956,https://en.wikipedia.org/wiki/Louisiana_Railway_and_Navigation_Company_of_Texas,Louisiana Railway and Navigation Company of Texas,LR&NTX
1,USA,Former (1956–present),https://en.wikipedia.org/wiki/Lake_Superior_and_Ishpeming_Railroad,Lake Superior and Ishpeming Railroad,LS&I
1,USA,pre–1956,https://en.wikipedia.org/wiki/Lake_Shore_and_Michigan_Southern_Railway,Lake Shore and Michigan Southern Railway,LS&MS
1,USA,Former (1956–present),https://en.wikipedia.org/wiki/Lehigh_Valley_Railroad,Lehigh Valley Railroad,LV
2,USA,1956-present,https://en.wikipedia.org/wiki/Las_Vegas_and_Tonopah_Railroad,Las Vegas and Tonopah Railroad,LV&T
1,USA,pre–1956,https://en.wikipedia.org/wiki/Louisiana_Western_Railroad,Louisiana Western Railroad,LW
1,USA,pre–1956,https://en.wikipedia.org/wiki/Missouri_and_Arkansas_Railway,Missouri and Arkansas Railway,M&A
1,USA,pre–1956,https://en.wikipedia.org/wiki/Minnesota_and_International_Railway,Minnesota and International Railway,M&I
1,USA,pre–1956,https://en.wikipedia.org/wiki/Missouri_and_North_Arkansas_Railroad,Missouri and North Arkansas Railroad,M&NA
1,USA,pre–1956,https://en.wikipedia.org/wiki/Mobile_and_Ohio_Railroad,Mobile and Ohio Railroad,M&O
1,USA,Former (1956–present),https://en.wikipedia.org/wiki/Minneapolis_and_St._Louis_Railway,Minneapolis and St. Louis Railway,M&STL
2,USA,1956-present,https://en.wikipedia.org/wiki/Magma_Arizona_Railroad,Magma Arizona Railroad,MAA
1,USA,pre–1956,https://en.wikipedia.org/wiki/Michigan_Central_Railroad,Michigan Central Railroad,MC
1,USA,pre–1956,"https://en.wikipedia.org/wiki/Maryland,_Delaware_and_Virginia_Railway","Maryland, Delaware and Virginia Railway",MD&V
1,USA,Former (1956–present),https://en.wikipedia.org/wiki/Maine_Central_Railroad_Company,Maine Central Railroad Company,MEC
1,USA,Former (1956–present),https://en.wikipedia.org/wiki/Monongahela_Railway,Monongahela Railway,MGA
1,USA,Former (1956–present),https://en.wikipedia.org/wiki/Missouri%E2%80%93Illinois_Railroad,Missouri–Illinois Railroad,MI
,,,,"Chicago, Milwaukee, St. Paul and Pacific Railroad",MILW
1,USA,Former (1956–present),https://en.wikipedia.org/wiki/Michigan_Interstate_Railway,Michigan Interstate Railway,MIS
1,USA,Former (1956–present),https://en.wikipedia.org/wiki/Missouri%E2%80%93Kansas%E2%80%93Texas_Railroad,"Missouri, Kansas and Texas Railway",MKT
1,USA,pre–1956,https://en.wikipedia.org/wiki/Missouri%E2%80%93Kansas%E2%80%93Texas_Railroad_of_Texas,"Missouri, Kansas and Texas Railway of Texas",MKTTX
1,USA,pre–1956,https://en.wikipedia.org/wiki/Morgan%27s_Louisiana_and_Texas_Railroad_and_Steamship_Company,Morgan's Louisiana and Texas Railroad and Steamship Company,ML&T
1,USA,pre–1956,https://en.wikipedia.org/wiki/Mineral_Range_Railroad,Mineral Range Railroad,MLR
2,USA,1956-present,"https://en.wikipedia.org/wiki/Montreal,_Maine_and_Atlantic_Railway","Montreal, Maine and Atlantic Railway",MMA
1,USA,Former (1956–present),"https://en.wikipedia.org/wiki/Minneapolis,_Northfield_and_Southern_Railway","Minneapolis, Northfield and Southern Railway",MN&S
2,USA,1956-present,"https://en.wikipedia.org/wiki/Minneapolis,_Northfield_and_Southern_Railway","Minneapolis, Northfield and Southern Railway",MNS
1,USA,pre–1956,"https://en.wikipedia.org/wiki/Missouri,_Oklahoma_and_Gulf_Railway","Missouri, Oklahoma and Gulf Railway",MO&G
1,USA,Former (1956–present),https://en.wikipedia.org/wiki/Monon_Railroad,Monon Railroad,MON
1,USA,Former (1956–present),https://en.wikipedia.org/wiki/Missouri_Pacific_Railroad,Missouri Pacific Railroad,MP
,,,,Maryland and Pennsylvania Railroad,MPA
2,USA,Current,https://en.wikipedia.org/wiki/Montana_Rail_Link,Montana Rail Link,MRL
1,USA,pre–1956,https://en.wikipedia.org/wiki/Mississippi_Central_Railroad_(1901%E2%80%931967),Mississippi Central Railroad (1901–1967),MSC
,,,,Montgomery Short Line,MSL
1,USA,pre–1956,"https://en.wikipedia.org/wiki/Minneapolis,_St._Paul_and_Sault_Ste._Marie_Railroad","Minneapolis, St. Paul and Sault Ste. Marie Railroad",MSP&SSM
1,USA,pre–1956,https://en.wikipedia.org/wiki/Montour_Railroad,Montour Railroad,MTR
1,USA,pre–1956,https://en.wikipedia.org/wiki/Midland_Valley_Railroad,Midland Valley Railroad,MV
1,USA,Former (1956–present),https://en.wikipedia.org/wiki/Norfolk_and_Western_Railway,Norfolk and Western Railway,N&W
1,USA,pre–1956,https://en.wikipedia.org/wiki/Northern_Alabama_Railway,Northern Alabama Railway,NAL
1,USA,Former (1956–present),"https://en.wikipedia.org/wiki/Nashville,_Chattanooga_and_St._Louis_Railway","Nashville, Chattanooga and St. Louis Railway",NC&STL
1,USA,pre–1956,https://en.wikipedia.org/wiki/Northern_Central_Railway,Northern Central Railway,NCRY
,,,,"Nashville, Chattanooga and St. Louis Railway",NCSL
1,USA,Former (1956–present),"https://en.wikipedia.org/wiki/New_York,_New_Haven_and_Hartford_Railroad","New York, New Haven and Hartford Railroad",NH
1,USA,pre–1956,https://en.wikipedia.org/wiki/New_Jersey_and_New_York_Railroad,New Jersey and New York Railroad,NJ&NY
,,,,"New York, Chicago and St. Louis Railroad",NKP
1,USA,pre–1956,https://en.wikipedia.org/wiki/Nevada_Northern_Railway,Nevada Northern Railway,NN
1,USA,Former (1956–present),https://en.wikipedia.org/wiki/New_Orleans_and_Northeastern_Railroad,New Orleans and Northeastern Railroad,NO&NE
1,USA,pre–1956,https://en.wikipedia.org/wiki/New_Orleans_Great_Northern_Railroad,New Orleans Great Northern Railroad,NOGN
1,USA,pre–1956,"https://en.wikipedia.org/wiki/New_Orleans,_Mobile_and_Chicago_Railroad","New Orleans, Mobile and Chicago Railroad",NOM&C
1,USA,pre–1956,"https://en.wikipedia.org/wiki/New_Orleans,_Texas_and_Mexico_Railway","New Orleans, Texas and Mexico Railway",NOT&M
1,USA,Former (1956–present),https://en.wikipedia.org/wiki/Northern_Pacific_Railway,Northern Pacific Railway,NP
1,USA,Current,https://en.wikipedia.org/wiki/Norfolk_Southern_Railway,Norfolk Southern Railway,NS
1,USA,Former (1956–present),https://en.wikipedia.org/wiki/Northwestern_Pacific_Railroad,Northwestern Pacific Railroad,NWP
1,USA,Former (1956–present),https://en.wikipedia.org/wiki/New_York_Central_Railroad,New York Central Railroad,NYC
1,USA,Former (1956–present),"https://en.wikipedia.org/wiki/New_York,_Chicago_and_St._Louis_Railroad","New York, Chicago and St. Louis Railroad",NYC&StL
1,USA,Former (1956–present),https://en.wikipedia.org/wiki/New_York_Connecting_Railroad,New York Connecting Railroad,NYCN
1,USA,Former (1956–present),"https://en.wikipedia.org/wiki/New_York,_Ontario_and_Western_Railway","New York, Ontario and Western Railway",NYO&W
2,USA,1956-present,"https://en.wikipedia.org/wiki/New_York,_Ontario_and_Western_Railway","New York, Ontario & Western",NYOW
1,USA,pre–1956,"https://en.wikipedia.org/wiki/New_York,_Philadelphia_and_Norfolk_Railroad","New York, Philadelphia and Norfolk Railroad",NYP&N
1,USA,Former (1956–present),"https://en.wikipedia.org/wiki/New_York,_Susquehanna_and_Western_Railway","New York, Susquehanna and Western Railway",NYS&W
2,USA,Current,"https://en.wikipedia.org/wiki/New_York,_Susquehanna_and_Western_Railway","New York, Susquehanna and Western Railway",NYSW
1,USA,pre–1956,https://en.wikipedia.org/wiki/Oklahoma_City_%E2%80%93_Ada_%E2%80%93_Atoka_Railway,Oklahoma City – Ada – Atoka Railway,OCAA
1,USA,pre–1956,https://en.wikipedia.org/wiki/Oregon_Electric_Railway,Oregon Electric Railway,OE
2,USA,1956-present,"https://en.wikipedia.org/wiki/Oklahoma,_Kansas_and_Texas_Railroad","Oklahoma, Kansas and Texas Railroad",OKKT
1,USA,pre–1956,https://en.wikipedia.org/wiki/Oahu_Railway_and_Land_Company,Oahu Railway and Land Company,OR&L
1,USA,pre–1956,https://en.wikipedia.org/wiki/Oregon_Railroad_and_Navigation_Company,Oregon-Washington Railroad and Navigation Company,OR&N
1,USA,pre–1956,https://en.wikipedia.org/wiki/Oregon_Short_Line_Railroad,Oregon Short Line Railroad,OSL
,,,,Ottumwa Terminal Railroad,OTT
,,,,TTX Corporation,OTTX
1,USA,pre–1956,https://en.wikipedia.org/wiki/Oregon_Railroad_and_Navigation_Company,Oregon Railroad and Navigation Company,OWRN
1,USA,pre–1956,https://en.wikipedia.org/wiki/Peoria_and_Eastern_Railway,Peoria and Eastern Railway,P&E
1,USA,Former (1956–present),https://en.wikipedia.org/wiki/Pittsburgh_and_Lake_Erie_Railroad,Pittsburgh and Lake Erie Railroad,P&LE
1,USA,Former (1956–present),https://en.wikipedia.org/wiki/Piedmont_and_Northern_Railway,Piedmont and Northern Railway,P&N
1,USA,pre–1956,https://en.wikipedia.org/wiki/Pecos_and_Northern_Texas_Railway,Pecos and Northern Texas Railway,P&NT
1,USA,pre–1956,https://en.wikipedia.org/wiki/Reading_Company#Philadelphia_and_Reading_Rail_Road:_1833%E2%80%931893,Philadelphia and Reading Railway,P&R
1,USA,pre–1956,https://en.wikipedia.org/wiki/Pittsburg_and_Shawmut_Railroad,Pittsburg and Shawmut Railroad,P&S
1,USA,pre–1956,https://en.wikipedia.org/wiki/Panhandle_and_Santa_Fe_Railway,Panhandle and Santa Fe Railway,P&SF
1,USA,Former (1956–present),https://en.wikipedia.org/wiki/Pittsburgh_and_West_Virginia_Railway,Pittsburgh and West Virginia Railway,P&WV
2,USA,Current,https://en.wikipedia.org/wiki/Paducah_%26_Louisville_Railway,Paducah and Louisville Railway,PAL
2,USA,Current,https://en.wikipedia.org/wiki/Pan_Am_Railways,Pan Am Railways,PAR
1,USA,pre–1956,"https://en.wikipedia.org/wiki/Philadelphia,_Baltimore_and_Washington_Railroad","Philadelphia, Baltimore and Washington Railroad",PB&W
1,USA,Former (1956–present),https://en.wikipedia.org/wiki/Penn_Central_Transportation_Company,Penn Central Transportation Company,PC
1,USA,pre–1956,"https://en.wikipedia.org/wiki/Pittsburgh,_Cincinnati,_Chicago_and_St._Louis_Railroad","Pittsburgh, Cincinnati, Chicago and St. Louis Railroad",PCC&STL
1,USA,pre–1956,https://en.wikipedia.org/wiki/Pennsylvania_Company,Pennsylvania Company,PCO
1,USA,pre–1956,https://en.wikipedia.org/wiki/Pacific_Electric,Pacific Electric,PE
1,USA,pre–1956,https://en.wikipedia.org/wiki/Perkiomen_Railroad,Perkiomen Railroad,PERK
,,,,Pacific Fruit Express,PFE
1,USA,pre–1956,https://en.wikipedia.org/wiki/Pere_Marquette_Railway,Pere Marquette Railway,PM
1,USA,pre–1956,https://en.wikipedia.org/wiki/Port_Reading_Railroad,Port Reading Railroad,PRDG
1,USA,Former (1956–present),https://en.wikipedia.org/wiki/Pennsylvania_Railroad,Pennsylvania Railroad,PRR
1,USA,Former (1956–present),https://en.wikipedia.org/wiki/Pennsylvania-Reading_Seashore_Lines,Pennsylvania-Reading Seashore Lines,PRSL
1,USA,pre–1956,"https://en.wikipedia.org/wiki/Pittsburg,_Shawmut_and_Northern_Railroad","Pittsburg, Shawmut and Northern Railroad",PS&N
2,USA,Current,https://en.wikipedia.org/wiki/Providence_and_Worcester_Railroad,Providence and Worcester Railroad,PW
1,USA,Former (1956–present),"https://en.wikipedia.org/wiki/Quanah,_Acme_and_Pacific_Railway","Quanah, Acme and Pacific Railway",QA&P
1,USA,pre–1956,"https://en.wikipedia.org/wiki/Quincy,_Omaha_and_Kansas_City_Railroad","Quincy, Omaha and Kansas City Railroad",QO&KC
2,USA,Current,https://en.wikipedia.org/wiki/Reading_Blue_Mountain_and_Northern_Railroad,Reading Blue Mountain and Northern Railroad/Reading and Northern,RBMN
2,USA,Current,"https://en.wikipedia.org/wiki/Rapid_City,_Pierre_and_Eastern_Railroad","Rapid City, Pierre and Eastern Railroad",RCPE
1,USA,Former (1956–present),https://en.wikipedia.org/wiki/Reading_Company,Reading Company,RDG
,,,,Relco,RE
,,,,,REX
1,USA,Former (1956–present),"https://en.wikipedia.org/wiki/Richmond,_Fredericksburg_and_Potomac_Railroad","Richmond, Fredericksburg and Potomac Railroad",RF&P
,,,,"Chicago, Rock Island and Pacific Railroad",RI
,,,,,RP
,,,,Republic Tank Car Co.,RTCX
1,USA,Former (1956–present),https://en.wikipedia.org/wiki/Rutland_Railroad,Rutland Railroad,RUT
1,USA,Former (1956–present),https://en.wikipedia.org/wiki/Savannah_and_Atlanta_Railway,Savannah and Atlanta Railway,S&A
1,USA,pre–1956,https://en.wikipedia.org/wiki/Spokane_and_Inland_Empire_Railroad,Spokane and Inland Empire Railroad,S&IE
1,USA,pre–1956,https://en.wikipedia.org/wiki/San_Antonio_and_Aransas_Pass_Railway,San Antonio and Aransas Pass Railway,SA&AP
1,USA,Former (1956–present),https://en.wikipedia.org/wiki/Seaboard_Air_Line_Railroad,Seaboard Air Line Railroad,SAL
1,USA,pre–1956,"https://en.wikipedia.org/wiki/San_Antonio,_Uvalde_and_Gulf_Railroad","San Antonio, Uvalde and Gulf Railroad",SAU&G
1,USA,pre–1956,https://en.wikipedia.org/wiki/Syracuse_and_Binghamton_Railroad,"Syracuse, Binghamton and New York Railroad",SB&NY
1,USA,Former (1956–present),https://en.wikipedia.org/wiki/Seaboard_System_Railroad,Seaboard System Railroad,SBD
1,USA,Former (1956–present),https://en.wikipedia.org/wiki/Seaboard_Coast_Line_Railroad,Seaboard Coast Line Railroad,SCL
1,USA,pre–1956,https://en.wikipedia.org/wiki/San_Diego_and_Arizona_Railway,San Diego and Arizona Railway,SD&A
1,USA,Former (1956–present),https://en.wikipedia.org/wiki/San_Diego_and_Arizona_Eastern_Railway,San Diego and Arizona Eastern Railway,SD&AE
,,,,,SDW
,,,,,SDWX
1,USA,pre–1956,"https://en.wikipedia.org/wiki/Santa_Fe,_Prescott_and_Phoenix_Railway","Santa Fe, Prescott and Phoenix Railway",SFP&P
,,,,,SHP
,,,,ACF Industries Shippers Car Line Division,SHPX
1,USA,Former (1956–present),https://en.wikipedia.org/wiki/Spokane_International_Railroad,Spokane International Railroad,SI
1,USA,pre–1956,https://en.wikipedia.org/wiki/Southern_Indiana_Railway,Southern Indiana Railway,SIND
1,USA,Former (1956–present),https://en.wikipedia.org/wiki/Staten_Island_Railway,Staten Island Rapid Transit Railway,SIRT
1,USA,pre–1956,https://en.wikipedia.org/wiki/St._Joseph_and_Grand_Island_Railway,St. Joseph and Grand Island Railway,SJ&GI
1,USA,pre–1956,https://en.wikipedia.org/wiki/Southern_Kansas_Railway_of_Texas,Southern Kansas Railway of Texas,SKTX
1,USA,pre–1956,"https://en.wikipedia.org/wiki/St._Louis,_Brownsville_and_Mexico_Railway","St. Louis, Brownsville and Mexico Railway",SLB&M
1,USA,pre–1956,"https://en.wikipedia.org/wiki/St._Louis,_Iron_Mountain_and_Southern_Railway","St. Louis, Iron Mountain and Southern Railway",SLIM&S
1,USA,pre–1956,https://en.wikipedia.org/wiki/St._Lawrence_and_Atlantic_Railroad,St-Laurent et Atlantique Quebec,SLQ
1,USA,pre–1956,https://en.wikipedia.org/wiki/St._Lawrence_and_Atlantic_Railroad,Atlantic and St. Lawrence Railroad,SLR
1,USA,Former (1956–present),https://en.wikipedia.org/wiki/St._Louis%E2%80%93San_Francisco_Railway,St. Louis–San Francisco Railway,SLSF
1,USA,Former (1956–present),"https://en.wikipedia.org/wiki/St._Louis,_San_Francisco_and_Texas_Railway","St. Louis, San Francisco and Texas Railway",SLSFTX
1,USA,Former (1956–present),https://en.wikipedia.org/wiki/Sacramento_Northern_Railway,Sacramento Northern Railway,SN
1,USA,Current,https://en.wikipedia.org/wiki/Soo_Line_Railroad,Soo Line Railroad,SOO
1,USA,Former (1956–present),https://en.wikipedia.org/wiki/Southern_Railway_(U.S.),Southern Railway (U.S.),SOU
1,USA,Former (1956–present),https://en.wikipedia.org/wiki/Southern_Pacific_Transportation_Company,Southern Pacific Transportation Company,SP
1,USA,Former (1956–present),"https://en.wikipedia.org/wiki/Spokane,_Portland_and_Seattle_Railway","Spokane, Portland and Seattle Railway",SP&S
2,USA,1956-present,https://en.wikipedia.org/wiki/Sault_Ste._Marie_Bridge_Company,Sault Ste. Marie Bridge Company,SSAM
1,USA,Former (1956–present),https://en.wikipedia.org/wiki/St._Louis_Southwestern_Railway,St. Louis Southwestern Railway,SSW
1,USA,pre–1956,https://en.wikipedia.org/wiki/St._Louis_Southwestern_Railway_of_Texas,St. Louis Southwestern Railway of Texas,SSWTX
1,USA,pre–1956,https://en.wikipedia.org/wiki/Sunset_Railroad,Sunset Railroad,SUN
,,,,Sunset Railroad,SUNX
1,USA,pre–1956,https://en.wikipedia.org/wiki/Trinity_and_Brazos_Valley_Railway,Trinity and Brazos Valley Railway,T&BV
1,USA,pre–1956,https://en.wikipedia.org/wiki/Texarkana_and_Fort_Smith_Railway,Texarkana and Fort Smith Railway,T&FS
2,USA,1956-present,https://en.wikipedia.org/wiki/Tonopah_and_Goldfield_Railroad,Tonopah and Goldfield Railroad,T&G
1,USA,pre–1956,https://en.wikipedia.org/wiki/Texas_and_Northern_Railway,Texas and Northern Railway,T&N
1,USA,Former (1956–present),https://en.wikipedia.org/wiki/Texas_and_New_Orleans_Railroad,Texas and New Orleans Railroad,T&NO
1,USA,pre–1956,https://en.wikipedia.org/wiki/Toledo_and_Ohio_Central_Railway,Toledo and Ohio Central Railway,T&OC
1,USA,Former (1956–present),https://en.wikipedia.org/wiki/Texas_and_Pacific_Railway,Texas and Pacific Railway,T&P
2,USA,1956-present,https://en.wikipedia.org/wiki/Tonopah_and_Tidewater_Railroad,Tonopah and Tidewater Railroad,T&T
1,USA,Former (1956–present),https://en.wikipedia.org/wiki/Tennessee_Central_Railway,Tennessee Central Railway,TC
1,USA,Former (1956–present),https://en.wikipedia.org/wiki/Kansas_City_Southern_de_M%C3%A9xico,Kansas City Southern de México,TFM
1,USA,Former (1956–present),https://en.wikipedia.org/wiki/Texas_Mexican_Railway,Texas Mexican Railway,TM
1,USA,Former (1956–present),"https://en.wikipedia.org/wiki/Toledo,_Peoria_and_Western_Railway","Toledo, Peoria and Western Railway",TP&W
1,USA,pre–1956,"https://en.wikipedia.org/wiki/Toledo,_St._Louis_and_Western_Railroad","Toledo, St. Louis and Western Railroad",TSTL&W
1,USA,pre–1956,https://en.wikipedia.org/wiki/Ulster_and_Delaware_Railroad,Ulster and Delaware Railroad,U&D
,,,,,UOCK
1,USA,Current,https://en.wikipedia.org/wiki/Union_Pacific_Railroad,Union Pacific Railroad,UP
1,USA,Current,https://en.wikipedia.org/wiki/Union_Pacific_Railroad,Union Pacific,UP
1,USA,pre–1956,https://en.wikipedia.org/wiki/Utah_Railway,Utah Railway,UTAH
,,,,,UTL
,,,,Union Tank Car,UTLX
1,USA,pre–1956,https://en.wikipedia.org/wiki/Virginia_and_Southwestern_Railway,Virginia and Southwestern Railway,V&SW
1,USA,pre–1956,https://en.wikipedia.org/wiki/Vandalia_Railroad_(1905%E2%80%9317),Vandalia Railroad (1905–17),VAND
1,USA,Former (1956–present),https://en.wikipedia.org/wiki/Virginian_Railway,Virginian Railway,VGN
1,CAN,Current,https://en.wikipedia.org/wiki/Via_Rail,Via Rail,VIA
,,,,,VN
1,USA,pre–1956,"https://en.wikipedia.org/wiki/Vicksburg,_Shreveport_and_Pacific_Railway","Vicksburg, Shreveport and Pacific Railway",VS&P
,,,,Vermont Railway,VTR
1,USA,pre–1956,https://en.wikipedia.org/wiki/Wheeling_and_Lake_Erie_Railway_(1916%E2%80%9388),Wheeling and Lake Erie Railway (1916–88),W&LE
,,,,,W&LG
1,USA,Former (1956–present),https://en.wikipedia.org/wiki/Western_Railway_of_Alabama,Western Railway of Alabama,WA
1,USA,Former (1956–present),https://en.wikipedia.org/wiki/Wabash_Railroad,Wabash Railroad,WAB
1,USA,Former (1956–present),https://en.wikipedia.org/wiki/Wisconsin_Central_Railway_(1897%E2%80%931954),Wisconsin Central Railway (1897–1954),WC
,,,,,WDL
,,,,,WDLX
2,USA,Current,https://en.wikipedia.org/wiki/Wheeling_and_Lake_Erie_Railway_(1990),Wheeling and Lake Erie Railway,WE
1,USA,pre–1956,https://en.wikipedia.org/wiki/Wichita_Falls_and_Northwestern_Railway,Wichita Falls and Northwestern Railway,WF&NW
1,USA,pre–1956,https://en.wikipedia.org/wiki/Wichita_Falls_and_Southern_Railroad,Wichita Falls and Southern Railroad,WF&S
,,,,,WFEX
1,USA,pre–1956,https://en.wikipedia.org/wiki/West_Jersey_and_Seashore_Railroad,West Jersey and Seashore Railroad,WJ&S
1,USA,Former (1956–present),https://en.wikipedia.org/wiki/Western_Maryland_Railway,Western Maryland Railway,WM
1,USA,Former (1956–present),https://en.wikipedia.org/wiki/Western_Pacific_Railroad,Western Pacific Railroad,WP
1,USA,pre–1956,https://en.wikipedia.org/wiki/Pittsburgh_and_West_Virginia_Railway,Pittsburgh and West Virginia Railway,WPT
,,,,Gulf Oil Products,WRNX
1,USA,pre–1956,"https://en.wikipedia.org/wiki/Richmond,_Fredericksburg_and_Potomac_Railroad","Richmond, Fredericksburg and Potomac Railroad",WSN
2,USA,Current,https://en.wikipedia.org/wiki/Wisconsin_and_Southern_Railroad,Wisconsin and Southern Railroad,WSOR
1,USA,pre–1956,https://en.wikipedia.org/wiki/Wichita_Valley_Railway,Wichita Valley Railway,WV
1,USA,pre–1956,https://en.wikipedia.org/wiki/Yazoo_and_Mississippi_Valley_Railroad,Yazoo and Mississippi Valley Railroad,Y&MV
,,,,Rochester & Irondequoit Terminal Railroad,R&IT